Name,Platform,Profile URL,Genre fit,Personalization note,Date contacted,Response,Copy sent,Review status,Follow-up date,Notes
Ginger Nuts of Horror,Website,https://gnofhorror.com/,Strong horror and cosmic-horror fit,Reference a recent in-depth cosmic-horror review,,,,,Check current review-request policy first
Hellnotes,Website,https://hellnotes.com/contact-us/,Strong horror fit,Use their requested bibliographic details and mention supernatural noir,,,,,Review request form is available
Erica Robyn Reads,Website,https://www.ericarobynreads.com/about-me/request-review/,Horror and mystery fit,Personalize around the book's horror/noir blend,,,,,Read acceptance policy before submitting
Creature From The Book Lagoon,Website,https://creaturefromthebooklagoon.wordpress.com/review-policies/,Horror and pulp/mystery fit,Highlight the hard-boiled investigation and horror elements,,,,,Follow the stated review policy
Weird Fiction Quarterly,Website,https://weirdfictionquarterly.com/calling-all-reviewers/,Weird-fiction fit,Ask whether outside indie titles are currently considered,,,,,Verify whether the portal is open to external books
Reedsy horror review directory,Directory,https://reedsy.com/resources/book-review-blogs/horror/,Discovery source,Use to identify additional active review blogs,,,,,Do not treat the directory as a direct reviewer
Horror Tree,Discovery hub,https://horrortree.com/,Horror release visibility,Look for current release-list and promo opportunities,,,,,Use only relevant current listings
Cosmic Horror Monthly,Magazine,https://cosmichorrormonthly.com/submissions/,Cosmic-horror fit for future fiction,Save for future short-fiction submissions rather than an ARC request,,,,,Not primarily a book-review outlet
Jump Scares,Discovery site,https://readjumpscares.com/2026-new-horror-books/,New-horror discovery,Check whether current release pages accept notices,,,,,Verify submission route and dates
r/horrorlit monthly thread,Reddit,https://www.reddit.com/r/horrorlit/,Direct horror-reader fit,Use only designated self-promotion threads and normal participation,,,,,Do not repost the same promotion across threads
